"Points:0","Points:1","Points:2","Pressure","Total_Pressure","Velocity:0","Velocity:1","Velocity:2"
2.9957,0.5,0,1.5462,1.5462,0,0,0
3.0156,0.5,0,1.5419,1.5419,0,0,0
3.0356,0.5,0,1.5374,1.5374,0,0,0
3.0565,0.5,0,1.5327,1.5327,0,0,0
3.0797,0.5,0,1.5274,1.5274,0,0,0
3.1059,0.5,0,1.5215,1.5215,0,0,0
3.1347,0.5,0,1.515,1.515,0,0,0
3.1644,0.5,0,1.5086,1.5086,0,0,0
3.1941,0.5,0,1.5023,1.5023,0,0,0
3.2239,0.5,0,1.4961,1.4961,0,0,0
3.2536,0.5,0,1.49,1.49,0,0,0
3.2833,0.5,0,1.4839,1.4839,0,0,0
3.313,0.5,0,1.4779,1.4779,0,0,0
3.3427,0.5,0,1.4719,1.4719,0,0,0
3.3724,0.5,0,1.4658,1.4658,0,0,0
3.4021,0.5,0,1.4598,1.4598,0,0,0
3.4318,0.5,0,1.4538,1.4538,0,0,0
3.4616,0.5,0,1.4478,1.4478,0,0,0
3.4913,0.5,0,1.4418,1.4418,0,0,0
3.521,0.5,0,1.4358,1.4358,0,0,0
3.5507,0.5,0,1.4298,1.4298,0,0,0
3.5804,0.5,0,1.4238,1.4238,0,0,0
3.6101,0.5,0,1.4178,1.4178,0,0,0
3.6398,0.5,0,1.4117,1.4117,0,0,0
3.6695,0.5,0,1.4057,1.4057,0,0,0
3.6992,0.5,0,1.3996,1.3996,0,0,0
3.729,0.5,0,1.3936,1.3936,0,0,0
3.7587,0.5,0,1.3875,1.3875,0,0,0
3.7884,0.5,0,1.3815,1.3815,0,0,0
3.8181,0.5,0,1.3754,1.3754,0,0,0
3.8478,0.5,0,1.3694,1.3694,0,0,0
3.8775,0.5,0,1.3633,1.3633,0,0,0
3.9072,0.5,0,1.3572,1.3572,0,0,0
3.9369,0.5,0,1.3512,1.3512,0,0,0
3.9667,0.5,0,1.3451,1.3451,0,0,0
3.9964,0.5,0,1.339,1.339,0,0,0
4.0261,0.5,0,1.3329,1.3329,0,0,0
4.0558,0.5,0,1.3269,1.3269,0,0,0
4.0855,0.5,0,1.3208,1.3208,0,0,0
4.1152,0.5,0,1.3147,1.3147,0,0,0
4.1449,0.5,0,1.3086,1.3086,0,0,0
4.1746,0.5,0,1.3026,1.3026,0,0,0
4.2043,0.5,0,1.2965,1.2965,0,0,0
4.2341,0.5,0,1.2904,1.2904,0,0,0
4.2638,0.5,0,1.2843,1.2843,0,0,0
4.2935,0.5,0,1.2782,1.2782,0,0,0
4.3232,0.5,0,1.2722,1.2722,0,0,0
4.3529,0.5,0,1.2661,1.2661,0,0,0
4.3826,0.5,0,1.26,1.26,0,0,0
4.4123,0.5,0,1.254,1.254,0,0,0
4.442,0.5,0,1.248,1.248,0,0,0
4.4718,0.5,0,1.242,1.242,0,0,0
4.5015,0.5,0,1.236,1.236,0,0,0
4.5312,0.5,0,1.23,1.23,0,0,0
4.5609,0.5,0,1.224,1.224,0,0,0
4.5906,0.5,0,1.218,1.218,0,0,0
4.6203,0.5,0,1.2121,1.2121,0,0,0
4.65,0.5,0,1.2061,1.2061,0,0,0
4.6797,0.5,0,1.2001,1.2001,0,0,0
4.7095,0.5,0,1.1941,1.1941,0,0,0
4.7392,0.5,0,1.1881,1.1881,0,0,0
4.7689,0.5,0,1.1822,1.1822,0,0,0
4.7986,0.5,0,1.1762,1.1762,0,0,0
4.8283,0.5,0,1.1701,1.1701,0,0,0
4.858,0.5,0,1.1641,1.1641,0,0,0
4.8877,0.5,0,1.158,1.158,0,0,0
4.9174,0.5,0,1.1519,1.1519,0,0,0
4.9471,0.5,0,1.1457,1.1457,0,0,0
4.9769,0.5,0,1.1393,1.1393,0,0,0
5.0066,0.5,0,1.1329,1.1329,0,0,0
5.0364,0.5,0,1.1262,1.1262,0,0,0
5.0671,0.5,0,1.1191,1.1191,0,0,0
5.1016,0.5,0,1.1111,1.1111,0,0,0
5.1426,0.5,0,1.1017,1.1017,0,0,0
5.1893,0.5,0,1.0915,1.0915,0,0,0
5.239,0.5,0,1.0813,1.0813,0,0,0
5.2887,0.5,0,1.0719,1.0719,0,0,0
5.3384,0.5,0,1.063,1.063,0,0,0
5.3882,0.5,0,1.0546,1.0546,0,0,0
5.4379,0.5,0,1.0467,1.0467,0,0,0
5.4876,0.5,0,1.0392,1.0392,0,0,0
5.5374,0.5,0,1.0319,1.0319,0,0,0
5.5871,0.5,0,1.0247,1.0247,0,0,0
5.6368,0.5,0,1.0175,1.0175,0,0,0
5.6865,0.5,0,1.0105,1.0105,0,0,0
5.7363,0.5,0,1.0036,1.0036,0,0,0
5.786,0.5,0,0.99675,0.99675,0,0,0
5.8357,0.5,0,0.98972,0.98972,0,0,0
5.8854,0.5,0,0.98258,0.98258,0,0,0
5.9352,0.5,0,0.97542,0.97542,0,0,0
5.9849,0.5,0,0.96824,0.96824,0,0,0
6.0346,0.5,0,0.96095,0.96095,0,0,0
6.0843,0.5,0,0.9535,0.9535,0,0,0
6.1341,0.5,0,0.94591,0.94591,0,0,0
6.1838,0.5,0,0.93825,0.93825,0,0,0
6.2335,0.5,0,0.93058,0.93058,0,0,0
6.2832,0.5,0,0.92293,0.92293,0,0,0
6.333,0.5,0,0.9153,0.9153,0,0,0
6.3827,0.5,0,0.90771,0.90771,0,0,0
6.4324,0.5,0,0.90015,0.90015,0,0,0
6.4821,0.5,0,0.89257,0.89257,0,0,0
6.5319,0.5,0,0.88489,0.88489,0,0,0
6.5816,0.5,0,0.87713,0.87713,0,0,0
6.6313,0.5,0,0.86926,0.86926,0,0,0
6.681,0.5,0,0.86129,0.86129,0,0,0
6.7308,0.5,0,0.85321,0.85321,0,0,0
6.7805,0.5,0,0.84504,0.84504,0,0,0
6.8302,0.5,0,0.83686,0.83686,0,0,0
6.8799,0.5,0,0.82875,0.82875,0,0,0
6.9297,0.5,0,0.82082,0.82082,0,0,0
6.9794,0.5,0,0.81307,0.81307,0,0,0
7.0291,0.5,0,0.80537,0.80537,0,0,0
7.0788,0.5,0,0.79759,0.79759,0,0,0
7.1286,0.5,0,0.78975,0.78975,0,0,0
7.1783,0.5,0,0.78192,0.78192,0,0,0
7.228,0.5,0,0.77406,0.77406,0,0,0
7.2777,0.5,0,0.76606,0.76606,0,0,0
7.3275,0.5,0,0.75792,0.75792,0,0,0
7.3772,0.5,0,0.74977,0.74977,0,0,0
7.4269,0.5,0,0.7417,0.7417,0,0,0
7.4766,0.5,0,0.7337,0.7337,0,0,0
7.5264,0.5,0,0.72569,0.72569,0,0,0
7.5761,0.5,0,0.71765,0.71765,0,0,0
7.6258,0.5,0,0.70958,0.70958,0,0,0
7.6755,0.5,0,0.7015,0.7015,0,0,0
7.7253,0.5,0,0.6934,0.6934,0,0,0
7.775,0.5,0,0.6853,0.6853,0,0,0
7.8247,0.5,0,0.67719,0.67719,0,0,0
7.8744,0.5,0,0.66907,0.66907,0,0,0
7.9242,0.5,0,0.66095,0.66095,0,0,0
7.9739,0.5,0,0.65278,0.65278,0,0,0
8.0236,0.5,0,0.64453,0.64453,0,0,0
8.0733,0.5,0,0.63621,0.63621,0,0,0
8.1231,0.5,0,0.62786,0.62786,0,0,0
8.1728,0.5,0,0.61955,0.61955,0,0,0
8.2225,0.5,0,0.61126,0.61126,0,0,0
8.2722,0.5,0,0.60298,0.60298,0,0,0
8.322,0.5,0,0.59469,0.59469,0,0,0
8.3717,0.5,0,0.5864,0.5864,0,0,0
8.4214,0.5,0,0.57811,0.57811,0,0,0
8.4711,0.5,0,0.5698,0.5698,0,0,0
8.5209,0.5,0,0.5615,0.5615,0,0,0
8.5706,0.5,0,0.55319,0.55319,0,0,0
8.6203,0.5,0,0.54487,0.54487,0,0,0
8.67,0.5,0,0.53656,0.53656,0,0,0
8.7198,0.5,0,0.52824,0.52824,0,0,0
8.7695,0.5,0,0.51992,0.51992,0,0,0
8.8192,0.5,0,0.5116,0.5116,0,0,0
8.8689,0.5,0,0.50327,0.50327,0,0,0
0.059424,0.5,0,-0.15395,-0.15395,0,0,0
0.079232,0.5,0,0.05316,0.05316,0,0,0
0.09904,0.5,0,0.15511,0.15511,0,0,0
0.11885,0.5,0,0.21718,0.21718,0,0,0
0.13869,0.5,0,0.26272,0.26272,0,0,0
0.15858,0.5,0,0.30119,0.30119,0,0,0
0.17855,0.5,0,0.3365,0.3365,0,0,0
0.19854,0.5,0,0.36959,0.36959,0,0,0
0.21849,0.5,0,0.40069,0.40069,0,0,0
0.23839,0.5,0,0.43007,0.43007,0,0,0
0.25822,0.5,0,0.45799,0.45799,0,0,0
0.27804,0.5,0,0.48477,0.48477,0,0,0
0.29784,0.5,0,0.51068,0.51068,0,0,0
0.31765,0.5,0,0.53601,0.53601,0,0,0
0.33746,0.5,0,0.56103,0.56103,0,0,0
0.35727,0.5,0,0.58593,0.58593,0,0,0
0.37708,0.5,0,0.6109,0.6109,0,0,0
0.39688,0.5,0,0.63607,0.63607,0,0,0
0.41669,0.5,0,0.66155,0.66155,0,0,0
0.4365,0.5,0,0.68748,0.68748,0,0,0
0.45631,0.5,0,0.71395,0.71395,0,0,0
0.47612,0.5,0,0.74107,0.74107,0,0,0
0.49592,0.5,0,0.76891,0.76891,0,0,0
0.51573,0.5,0,0.79754,0.79754,0,0,0
0.53554,0.5,0,0.82702,0.82702,0,0,0
0.55535,0.5,0,0.85737,0.85737,0,0,0
0.57516,0.5,0,0.88862,0.88862,0,0,0
0.59497,0.5,0,0.92076,0.92076,0,0,0
0.61481,0.5,0,0.95384,0.95384,0,0,0
0.63471,0.5,0,0.98786,0.98786,0,0,0
0.65468,0.5,0,1.0228,1.0228,0,0,0
0.67467,0.5,0,1.0587,1.0587,0,0,0
0.69463,0.5,0,1.0951,1.0951,0,0,0
0.71452,0.5,0,1.1322,1.1322,0,0,0
0.73436,0.5,0,1.1696,1.1696,0,0,0
0.75417,0.5,0,1.2073,1.2073,0,0,0
0.77398,0.5,0,1.2452,1.2452,0,0,0
0.79378,0.5,0,1.283,1.283,0,0,0
0.81359,0.5,0,1.3207,1.3207,0,0,0
0.8334,0.5,0,1.3579,1.3579,0,0,0
0.85321,0.5,0,1.3944,1.3944,0,0,0
0.87302,0.5,0,1.4301,1.4301,0,0,0
0.89282,0.5,0,1.4649,1.4649,0,0,0
0.91263,0.5,0,1.4985,1.4985,0,0,0
0.93244,0.5,0,1.5309,1.5309,0,0,0
0.95225,0.5,0,1.5619,1.5619,0,0,0
0.97206,0.5,0,1.5914,1.5914,0,0,0
0.99186,0.5,0,1.6193,1.6193,0,0,0
1.0117,0.5,0,1.6456,1.6456,0,0,0
1.0315,0.5,0,1.6701,1.6701,0,0,0
1.0513,0.5,0,1.6929,1.6929,0,0,0
1.0711,0.5,0,1.7139,1.7139,0,0,0
1.091,0.5,0,1.7333,1.7333,0,0,0
1.1109,0.5,0,1.7509,1.7509,0,0,0
1.1308,0.5,0,1.767,1.767,0,0,0
1.1508,0.5,0,1.7814,1.7814,0,0,0
1.1708,0.5,0,1.7942,1.7942,0,0,0
1.1907,0.5,0,1.8055,1.8055,0,0,0
1.2105,0.5,0,1.8153,1.8153,0,0,0
1.2303,0.5,0,1.8239,1.8239,0,0,0
1.2501,0.5,0,1.8311,1.8311,0,0,0
1.2699,0.5,0,1.8372,1.8372,0,0,0
1.2897,0.5,0,1.8422,1.8422,0,0,0
1.3095,0.5,0,1.8463,1.8463,0,0,0
1.3294,0.5,0,1.8494,1.8494,0,0,0
1.3492,0.5,0,1.8516,1.8516,0,0,0
1.369,0.5,0,1.8531,1.8531,0,0,0
1.3888,0.5,0,1.854,1.854,0,0,0
1.4086,0.5,0,1.8541,1.8541,0,0,0
1.4284,0.5,0,1.8537,1.8537,0,0,0
1.4482,0.5,0,1.8528,1.8528,0,0,0
1.468,0.5,0,1.8514,1.8514,0,0,0
1.4878,0.5,0,1.8496,1.8496,0,0,0
1.5076,0.5,0,1.8475,1.8475,0,0,0
1.5274,0.5,0,1.845,1.845,0,0,0
1.5473,0.5,0,1.8422,1.8422,0,0,0
1.5671,0.5,0,1.8392,1.8392,0,0,0
1.587,0.5,0,1.836,1.836,0,0,0
1.607,0.5,0,1.8325,1.8325,0,0,0
1.627,0.5,0,1.8289,1.8289,0,0,0
1.6469,0.5,0,1.8251,1.8251,0,0,0
1.6668,0.5,0,1.8212,1.8212,0,0,0
1.6867,0.5,0,1.8173,1.8173,0,0,0
1.7065,0.5,0,1.8133,1.8133,0,0,0
1.7263,0.5,0,1.8091,1.8091,0,0,0
1.7461,0.5,0,1.805,1.805,0,0,0
1.7659,0.5,0,1.8008,1.8008,0,0,0
1.7857,0.5,0,1.7965,1.7965,0,0,0
1.8055,0.5,0,1.7922,1.7922,0,0,0
1.8253,0.5,0,1.7879,1.7879,0,0,0
1.8451,0.5,0,1.7836,1.7836,0,0,0
1.8649,0.5,0,1.7793,1.7793,0,0,0
1.8848,0.5,0,1.7749,1.7749,0,0,0
1.9046,0.5,0,1.7706,1.7706,0,0,0
1.9244,0.5,0,1.7663,1.7663,0,0,0
1.9442,0.5,0,1.7619,1.7619,0,0,0
1.964,0.5,0,1.7576,1.7576,0,0,0
1.9838,0.5,0,1.7533,1.7533,0,0,0
2.0036,0.5,0,1.749,1.749,0,0,0
2.0234,0.5,0,1.7447,1.7447,0,0,0
2.0433,0.5,0,1.7405,1.7405,0,0,0
2.0632,0.5,0,1.7362,1.7362,0,0,0
2.0832,0.5,0,1.7319,1.7319,0,0,0
2.1032,0.5,0,1.7277,1.7277,0,0,0
2.1231,0.5,0,1.7235,1.7235,0,0,0
2.143,0.5,0,1.7193,1.7193,0,0,0
2.1629,0.5,0,1.7152,1.7152,0,0,0
2.1827,0.5,0,1.711,1.711,0,0,0
2.2025,0.5,0,1.7069,1.7069,0,0,0
2.2223,0.5,0,1.7028,1.7028,0,0,0
2.2421,0.5,0,1.6987,1.6987,0,0,0
2.2619,0.5,0,1.6947,1.6947,0,0,0
2.2817,0.5,0,1.6906,1.6906,0,0,0
2.3015,0.5,0,1.6866,1.6866,0,0,0
2.3213,0.5,0,1.6825,1.6825,0,0,0
2.3411,0.5,0,1.6785,1.6785,0,0,0
2.3609,0.5,0,1.6745,1.6745,0,0,0
2.3807,0.5,0,1.6704,1.6704,0,0,0
2.4005,0.5,0,1.6664,1.6664,0,0,0
2.4204,0.5,0,1.6624,1.6624,0,0,0
2.4402,0.5,0,1.6584,1.6584,0,0,0
2.46,0.5,0,1.6544,1.6544,0,0,0
2.4798,0.5,0,1.6504,1.6504,0,0,0
2.4996,0.5,0,1.6464,1.6464,0,0,0
2.5195,0.5,0,1.6424,1.6424,0,0,0
2.5394,0.5,0,1.6384,1.6384,0,0,0
2.5594,0.5,0,1.6344,1.6344,0,0,0
2.5794,0.5,0,1.6304,1.6304,0,0,0
2.5993,0.5,0,1.6264,1.6264,0,0,0
2.6192,0.5,0,1.6225,1.6225,0,0,0
2.6391,0.5,0,1.6185,1.6185,0,0,0
2.6589,0.5,0,1.6145,1.6145,0,0,0
2.6787,0.5,0,1.6106,1.6106,0,0,0
2.6985,0.5,0,1.6066,1.6066,0,0,0
2.7183,0.5,0,1.6027,1.6027,0,0,0
2.7381,0.5,0,1.5987,1.5987,0,0,0
2.7579,0.5,0,1.5948,1.5948,0,0,0
2.7777,0.5,0,1.5908,1.5908,0,0,0
2.7975,0.5,0,1.5868,1.5868,0,0,0
2.8173,0.5,0,1.5829,1.5829,0,0,0
2.8371,0.5,0,1.5789,1.5789,0,0,0
2.8569,0.5,0,1.5749,1.5749,0,0,0
2.8767,0.5,0,1.5709,1.5709,0,0,0
2.8966,0.5,0,1.5669,1.5669,0,0,0
2.9164,0.5,0,1.5628,1.5628,0,0,0
2.9362,0.5,0,1.5588,1.5588,0,0,0
2.956,0.5,0,1.5547,1.5547,0,0,0
2.9758,0.5,0,1.5505,1.5505,0,0,0
-5.7021,-7.2263e-16,0,6.0324,6.0324,0,0,0
-5.7522,-7.2467e-16,0,6.033,6.033,0,0,0
-5.8023,-7.2672e-16,0,6.0337,6.0337,0,0,0
-5.8524,-7.2876e-16,0,6.0345,6.0345,0,0,0
-5.9024,-7.308e-16,0,6.0353,6.0353,0,0,0
-5.9524,-7.3284e-16,0,6.0361,6.0361,0,0,0
-6,0.073961,0,6.037,6.1877,0.54792,0,0
-6,0.096024,0,6.0377,6.2807,0.69443,0,0
-6,0.054775,0,6.0369,6.123,0.4142,0,0
-6,0.038092,0,6.0368,6.08,0.29313,0,0
-6,0.023584,0,6.0367,6.0539,0.18423,0,0
-6,0.01097,0,6.0366,6.0406,0.086793,0,0
-6,-1e-15,0,6.0366,6.0366,-7.9936e-15,0,0
0.019983,-4.8904e-16,0,3.5179,3.5179,0,0,0
0,-4.8986e-16,0,3.6277,3.6277,0,0,0
0.039967,-4.8823e-16,0,3.4072,3.4072,0,0,0
0.059951,-4.8741e-16,0,3.296,3.296,0,0,0
0.079966,-4.8659e-16,0,3.1847,3.1847,0,0,0
0.10003,-4.8578e-16,0,3.074,3.074,0,0,0
0.12016,-4.8495e-16,0,2.9642,2.9642,0,0,0
0.14037,-4.8413e-16,0,2.8559,2.8559,0,0,0
0.16054,-4.8331e-16,0,2.7503,2.7503,0,0,0
0.18066,-4.8248e-16,0,2.6479,2.6479,0,0,0
0.20071,-4.8167e-16,0,2.5493,2.5493,0,0,0
0.22071,-4.8085e-16,0,2.4548,2.4548,0,0,0
0.2407,-4.8003e-16,0,2.3643,2.3643,0,0,0
0.26068,-4.7922e-16,0,2.2781,2.2781,0,0,0
0.28067,-4.784e-16,0,2.1964,2.1964,0,0,0
0.30065,-4.7759e-16,0,2.1194,2.1194,0,0,0
0.32063,-4.7677e-16,0,2.0471,2.0471,0,0,0
0.34061,-4.7595e-16,0,1.9796,1.9796,0,0,0
0.3606,-4.7514e-16,0,1.9168,1.9168,0,0,0
0.38058,-4.7432e-16,0,1.8588,1.8588,0,0,0
0.40056,-4.7351e-16,0,1.8055,1.8055,0,0,0
0.42055,-4.7269e-16,0,1.7566,1.7566,0,0,0
0.44053,-4.7188e-16,0,1.7121,1.7121,0,0,0
0.46051,-4.7106e-16,0,1.6719,1.6719,0,0,0
0.4805,-4.7024e-16,0,1.6357,1.6357,0,0,0
0.50048,-4.6943e-16,0,1.6034,1.6034,0,0,0
0.52046,-4.6861e-16,0,1.5748,1.5748,0,0,0
0.54045,-4.678e-16,0,1.5496,1.5496,0,0,0
0.56047,-4.6698e-16,0,1.5277,1.5277,0,0,0
0.58054,-4.6616e-16,0,1.5088,1.5088,0,0,0
0.60068,-4.6534e-16,0,1.4927,1.4927,0,0,0
0.6209,-4.6451e-16,0,1.4793,1.4793,0,0,0
-5.6628,1,0,6.0324,6.0324,0,0,0
-5.6125,1,0,6.0318,6.0318,0,0,0
-5.5622,1,0,6.0312,6.0312,0,0,0
-5.5119,1,0,6.0306,6.0306,0,0,0
-5.4616,1,0,6.03,6.03,0,0,0
-5.4113,1,0,6.0294,6.0294,0,0,0
-5.361,1,0,6.0288,6.0288,0,0,0
-5.3107,1,0,6.0282,6.0282,0,0,0
-5.2603,1,0,6.0276,6.0276,0,0,0
-5.21,1,0,6.027,6.027,0,0,0
-5.1597,1,0,6.0264,6.0264,0,0,0
-5.1094,1,0,6.0257,6.0257,0,0,0
-5.0591,1,0,6.0251,6.0251,0,0,0
-5.0088,1,0,6.0245,6.0245,0,0,0
-4.9585,1,0,6.0239,6.0239,0,0,0
-4.9082,1,0,6.0233,6.0233,0,0,0
-4.8579,1,0,6.0226,6.0226,0,0,0
-4.8076,1,0,6.022,6.022,0,0,0
-4.7573,1,0,6.0214,6.0214,0,0,0
-4.707,1,0,6.0208,6.0208,0,0,0
-4.6567,1,0,6.0201,6.0201,0,0,0
-4.6064,1,0,6.0195,6.0195,0,0,0
-4.5561,1,0,6.0189,6.0189,0,0,0
-4.5058,1,0,6.0183,6.0183,0,0,0
-4.4555,1,0,6.0177,6.0177,0,0,0
-4.4052,1,0,6.0171,6.0171,0,0,0
-4.3549,1,0,6.0164,6.0164,0,0,0
-4.3046,1,0,6.0158,6.0158,0,0,0
-4.2543,1,0,6.0152,6.0152,0,0,0
-4.204,1,0,6.0146,6.0146,0,0,0
-4.1536,1,0,6.014,6.014,0,0,0
-4.1033,1,0,6.0135,6.0135,0,0,0
-4.053,1,0,6.0129,6.0129,0,0,0
-4.0027,1,0,6.0123,6.0123,0,0,0
-3.9524,1,0,6.0117,6.0117,0,0,0
-3.9021,1,0,6.0112,6.0112,0,0,0
-3.8518,1,0,6.0106,6.0106,0,0,0
-3.8015,1,0,6.0101,6.0101,0,0,0
-3.7512,1,0,6.0095,6.0095,0,0,0
-3.7009,1,0,6.009,6.009,0,0,0
-3.6506,1,0,6.0084,6.0084,0,0,0
-3.6003,1,0,6.0079,6.0079,0,0,0
-3.55,1,0,6.0074,6.0074,0,0,0
-3.4997,1,0,6.0069,6.0069,0,0,0
-3.4494,1,0,6.0064,6.0064,0,0,0
-3.3991,1,0,6.0059,6.0059,0,0,0
-3.3488,1,0,6.0054,6.0054,0,0,0
-3.2985,1,0,6.005,6.005,0,0,0
-3.2482,1,0,6.0046,6.0046,0,0,0
-3.1979,1,0,6.0042,6.0042,0,0,0
-3.1476,1,0,6.0038,6.0038,0,0,0
-3.0972,1,0,6.0034,6.0034,0,0,0
-3.0469,1,0,6.0031,6.0031,0,0,0
-2.9966,1,0,6.0028,6.0028,0,0,0
-2.9463,1,0,6.0025,6.0025,0,0,0
-2.896,1,0,6.0022,6.0022,0,0,0
-2.8457,1,0,6.002,6.002,0,0,0
-2.7954,1,0,6.0019,6.0019,0,0,0
-2.7451,1,0,6.0017,6.0017,0,0,0
-2.6948,1,0,6.0017,6.0017,0,0,0
-2.6445,1,0,6.0016,6.0016,0,0,0
-2.5942,1,0,6.0016,6.0016,0,0,0
-2.5439,1,0,6.0017,6.0017,0,0,0
-2.4936,1,0,6.0019,6.0019,0,0,0
-2.4433,1,0,6.0021,6.0021,0,0,0
-2.393,1,0,6.0023,6.0023,0,0,0
-2.3427,1,0,6.0027,6.0027,0,0,0
-2.2924,1,0,6.0031,6.0031,0,0,0
-2.2421,1,0,6.0036,6.0036,0,0,0
-2.1918,1,0,6.0042,6.0042,0,0,0
-2.1415,1,0,6.0048,6.0048,0,0,0
-2.0926,1,0,6.0054,6.0054,0,0,0
-2.0466,1,0,6.0059,6.0059,0,0,0
-2.0092,1,0,6.0063,6.0063,0,0,0
-1.9783,1,0,6.0064,6.0064,0,0,0
-1.9483,1,0,6.0066,6.0066,0,0,0
-1.9183,1,0,6.0068,6.0068,0,0,0
-1.8883,1,0,6.007,6.007,0,0,0
-1.8583,1,0,6.0073,6.0073,0,0,0
-1.8283,1,0,6.0077,6.0077,0,0,0
-1.7983,1,0,6.0081,6.0081,0,0,0
-1.7684,1,0,6.0085,6.0085,0,0,0
-1.7383,1,0,6.0091,6.0091,0,0,0
-1.7083,1,0,6.0097,6.0097,0,0,0
-1.6783,1,0,6.0104,6.0104,0,0,0
-1.6483,1,0,6.0111,6.0111,0,0,0
-1.6183,1,0,6.0119,6.0119,0,0,0
-1.5883,1,0,6.0128,6.0128,0,0,0
-1.5583,1,0,6.0137,6.0137,0,0,0
-1.5283,1,0,6.0146,6.0146,0,0,0
-1.4983,1,0,6.0157,6.0157,0,0,0
-1.4683,1,0,6.0167,6.0167,0,0,0
-1.4383,1,0,6.0179,6.0179,0,0,0
-1.4083,1,0,6.0191,6.0191,0,0,0
-1.3783,1,0,6.0203,6.0203,0,0,0
-1.3483,1,0,6.0216,6.0216,0,0,0
-1.3183,1,0,6.023,6.023,0,0,0
-1.2883,1,0,6.0243,6.0243,0,0,0
-1.2583,1,0,6.0258,6.0258,0,0,0
-1.2283,1,0,6.0273,6.0273,0,0,0
-1.1983,1,0,6.0288,6.0288,0,0,0
-1.1683,1,0,6.0303,6.0303,0,0,0
-1.1383,1,0,6.0319,6.0319,0,0,0
-1.1083,1,0,6.0336,6.0336,0,0,0
-1.0783,1,0,6.0352,6.0352,0,0,0
-1.0485,1,0,6.0368,6.0368,0,0,0
-1.0211,1,0,6.0383,6.0383,0,0,0
-0.99782,1,0,6.0396,6.0396,0,0,0
-0.97633,1,0,6.0408,6.0408,0,0,0
-0.95558,1,0,6.0419,6.0419,0,0,0
-0.93482,1,0,6.0431,6.0431,0,0,0
-0.91404,1,0,6.0442,6.0442,0,0,0
-0.89323,1,0,6.0453,6.0453,0,0,0
-0.87239,1,0,6.0464,6.0464,0,0,0
-0.8515,1,0,6.0476,6.0476,0,0,0
-0.8305,1,0,6.0487,6.0487,0,0,0
-0.80946,1,0,6.0498,6.0498,0,0,0
-0.78847,1,0,6.0509,6.0509,0,0,0
-0.76754,1,0,6.0519,6.0519,0,0,0
-0.7467,1,0,6.053,6.053,0,0,0
-0.7259,1,0,6.054,6.054,0,0,0
-0.70511,1,0,6.055,6.055,0,0,0
-0.68435,1,0,6.0559,6.0559,0,0,0
-0.6636,1,0,6.0569,6.0569,0,0,0
-0.64286,1,0,6.0577,6.0577,0,0,0
-0.62214,1,0,6.0586,6.0586,0,0,0
-0.60142,1,0,6.0594,6.0594,0,0,0
-0.58071,1,0,6.0599,6.0599,0,0,0
-0.56,1,0,6.0597,6.0597,0,0,0
-0.56,0.98115,0,6.0595,6.0595,0,0,0
-0.56,0.96295,0,6.0602,6.0602,0,0,0
-0.56,0.94476,0,6.0628,6.0628,0,0,0
-0.56,0.92656,0,6.0669,6.0669,0,0,0
-0.56,0.90836,0,6.0659,6.0659,0,0,0
-0.56,0.89091,0,6.0345,6.0345,0,0,0
-0.46,0.89091,0,6.0116,6.0116,0,0,0
-0.46,0.90909,0,6.0164,6.0164,0,0,0
-0.46,0.92728,0,6.019,6.019,0,0,0
-0.46,0.94546,0,6.0197,6.0197,0,0,0
-0.46,0.96365,0,6.0196,6.0196,0,0,0
-0.46,0.98183,0,6.0193,6.0193,0,0,0
-0.46,1,0,6.0192,6.0192,0,0,0
-0.54889,0.89091,0,5.9926,5.9926,0,0,0
-0.53778,0.89091,0,5.9861,5.9861,0,0,0
-0.52667,0.89091,0,5.9922,5.9922,0,0,0
-0.51556,0.89091,0,5.9988,5.9988,0,0,0
-0.50444,0.89091,0,6.0032,6.0032,0,0,0
-0.49333,0.89091,0,6.006,6.006,0,0,0
-0.48222,0.89091,0,6.0081,6.0081,0,0,0
-0.47111,0.89091,0,6.0096,6.0096,0,0,0
1.4015,-4.3265e-16,0,1.6618,1.6618,0,0,0
1.3815,-4.3346e-16,0,1.6564,1.6564,0,0,0
1.4215,-4.3183e-16,0,1.667,1.667,0,0,0
1.4415,-4.3101e-16,0,1.6718,1.6718,0,0,0
1.4615,-4.302e-16,0,1.6764,1.6764,0,0,0
1.4815,-4.2938e-16,0,1.6807,1.6807,0,0,0
1.5014,-4.2857e-16,0,1.6848,1.6848,0,0,0
1.5215,-4.2775e-16,0,1.6885,1.6885,0,0,0
1.5416,-4.2693e-16,0,1.692,1.692,0,0,0
1.5617,-4.2611e-16,0,1.6953,1.6953,0,0,0
1.5819,-4.2528e-16,0,1.6983,1.6983,0,0,0
1.6021,-4.2446e-16,0,1.701,1.701,0,0,0
1.6222,-4.2364e-16,0,1.7034,1.7034,0,0,0
1.6422,-4.2282e-16,0,1.7056,1.7056,0,0,0
1.6622,-4.22e-16,0,1.7076,1.7076,0,0,0
1.6822,-4.2119e-16,0,1.7093,1.7093,0,0,0
1.7022,-4.2037e-16,0,1.7107,1.7107,0,0,0
1.7222,-4.1956e-16,0,1.712,1.712,0,0,0
1.7421,-4.1874e-16,0,1.713,1.713,0,0,0
1.7621,-4.1793e-16,0,1.7138,1.7138,0,0,0
1.7821,-4.1711e-16,0,1.7143,1.7143,0,0,0
1.8021,-4.1629e-16,0,1.7147,1.7147,0,0,0
1.8221,-4.1548e-16,0,1.7148,1.7148,0,0,0
1.8421,-4.1466e-16,0,1.7148,1.7148,0,0,0
1.862,-4.1385e-16,0,1.7146,1.7146,0,0,0
1.882,-4.1303e-16,0,1.7142,1.7142,0,0,0
1.902,-4.1222e-16,0,1.7136,1.7136,0,0,0
1.922,-4.114e-16,0,1.7128,1.7128,0,0,0
1.942,-4.1058e-16,0,1.7119,1.7119,0,0,0
1.962,-4.0977e-16,0,1.7108,1.7108,0,0,0
1.9819,-4.0895e-16,0,1.7095,1.7095,0,0,0
2.002,-4.0814e-16,0,1.7081,1.7081,0,0,0
2.0221,-4.0731e-16,0,1.7066,1.7066,0,0,0
2.0422,-4.0649e-16,0,1.7049,1.7049,0,0,0
2.0625,-4.0567e-16,0,1.7031,1.7031,0,0,0
2.0826,-4.0484e-16,0,1.7011,1.7011,0,0,0
2.1027,-4.0402e-16,0,1.6991,1.6991,0,0,0
2.1227,-4.0321e-16,0,1.6969,1.6969,0,0,0
2.1427,-4.0239e-16,0,1.6947,1.6947,0,0,0
2.1627,-4.0157e-16,0,1.6923,1.6923,0,0,0
2.1827,-4.0076e-16,0,1.6899,1.6899,0,0,0
2.2027,-3.9994e-16,0,1.6873,1.6873,0,0,0
2.2226,-3.9913e-16,0,1.6847,1.6847,0,0,0
2.2426,-3.9831e-16,0,1.682,1.682,0,0,0
2.2626,-3.975e-16,0,1.6792,1.6792,0,0,0
2.2826,-3.9668e-16,0,1.6763,1.6763,0,0,0
2.3026,-3.9586e-16,0,1.6734,1.6734,0,0,0
2.3226,-3.9505e-16,0,1.6704,1.6704,0,0,0
2.3425,-3.9423e-16,0,1.6673,1.6673,0,0,0
2.3625,-3.9342e-16,0,1.6641,1.6641,0,0,0
2.3825,-3.926e-16,0,1.6609,1.6609,0,0,0
2.4025,-3.9179e-16,0,1.6577,1.6577,0,0,0
2.4225,-3.9097e-16,0,1.6543,1.6543,0,0,0
2.4425,-3.9015e-16,0,1.651,1.651,0,0,0
2.4624,-3.8934e-16,0,1.6476,1.6476,0,0,0
2.4825,-3.8852e-16,0,1.6441,1.6441,0,0,0
2.5026,-3.877e-16,0,1.6406,1.6406,0,0,0
2.5228,-3.8688e-16,0,1.637,1.637,0,0,0
2.543,-3.8605e-16,0,1.6334,1.6334,0,0,0
2.5631,-3.8523e-16,0,1.6297,1.6297,0,0,0
2.5832,-3.8441e-16,0,1.6261,1.6261,0,0,0
2.6032,-3.8359e-16,0,1.6224,1.6224,0,0,0
2.6232,-3.8277e-16,0,1.6187,1.6187,0,0,0
2.6432,-3.8196e-16,0,1.615,1.615,0,0,0
2.6632,-3.8114e-16,0,1.6113,1.6113,0,0,0
2.6832,-3.8033e-16,0,1.6075,1.6075,0,0,0
2.7031,-3.7951e-16,0,1.6037,1.6037,0,0,0
2.7231,-3.787e-16,0,1.5999,1.5999,0,0,0
2.7431,-3.7788e-16,0,1.5961,1.5961,0,0,0
2.7631,-3.7706e-16,0,1.5922,1.5922,0,0,0
2.7831,-3.7625e-16,0,1.5883,1.5883,0,0,0
2.8031,-3.7543e-16,0,1.5844,1.5844,0,0,0
2.823,-3.7462e-16,0,1.5805,1.5805,0,0,0
2.843,-3.738e-16,0,1.5766,1.5766,0,0,0
2.863,-3.7299e-16,0,1.5726,1.5726,0,0,0
-6,0.14169,0,6.0419,6.5143,0.97288,0,0
-6,0.18964,0,6.0443,6.7991,1.2294,0,0
12,0.36508,0,0,5.3065,3.2544,0.0013762,0
12,0.31987,0,0,6.3912,3.57,0.0011167,0
-6,0.86095,0,6.043,6.5019,0.9577,0,0
-6,0.90598,0,6.0375,6.2718,0.68143,0,0
-6,0.23759,0,6.0448,7.0945,1.4491,0,0
-6,0.28554,0,6.0448,7.3769,1.6321,0,0
-6,0.33349,0,6.0451,7.6262,1.7782,0,0
-6,0.38144,0,6.0454,7.8267,1.8876,0,0
-6,0.42939,0,6.0455,7.9663,1.9601,0,0
-6,0.47734,0,6.0461,8.0385,1.9959,0,0
-6,0.5253,0,6.0461,8.0365,1.9949,0,0
-6,0.57325,0,6.0456,7.9605,1.9571,0,0
-6,0.6212,0,6.0454,7.8171,1.8825,0,0
-6,0.66915,0,6.045,7.6133,1.7711,0,0
-6,0.7171,0,6.0444,7.361,1.6229,0,0
-6,0.76505,0,6.0432,7.0762,1.438,0,0
-6,0.813,0,6.0419,6.7831,1.2162,0,0
12,0.27467,0,0,6.6628,3.6478,0.00033734,0
12,0.22947,0,0,6.6627,3.6488,0.00046147,0
12,0.18427,0,0,6.4464,3.5908,-0.00081556,0
12,0.13907,0,0,5.4893,3.3194,0.00062701,0
12,0.096024,0,0,3.8182,2.7651,0.0046699,0
12,0.40745,0,0,3.5394,2.6612,-0.00092076,0
-0.019961,1,0,6.0252,6.0252,0,0,0
0,1,0,6.0251,6.0251,0,0,0
-0.039906,1,0,6.0253,6.0253,0,0,0
-0.059839,1,0,6.0254,6.0254,0,0,0
-0.079762,1,0,6.0252,6.0252,0,0,0
-0.09968,1,0,6.025,6.025,0,0,0
-0.11959,1,0,6.0245,6.0245,0,0,0
-0.13951,1,0,6.024,6.024,0,0,0
-0.15943,1,0,6.0235,6.0235,0,0,0
-0.17936,1,0,6.023,6.023,0,0,0
-0.19929,1,0,6.0226,6.0226,0,0,0
-0.21924,1,0,6.0221,6.0221,0,0,0
-0.23921,1,0,6.0218,6.0218,0,0,0
-0.2592,1,0,6.0214,6.0214,0,0,0
-0.27921,1,0,6.021,6.021,0,0,0
-0.29926,1,0,6.0207,6.0207,0,0,0
-0.31938,1,0,6.0203,6.0203,0,0,0
-0.33957,1,0,6.02,6.02,0,0,0
-0.35981,1,0,6.0196,6.0196,0,0,0
-0.37999,1,0,6.0193,6.0193,0,0,0
-0.40007,1,0,6.0191,6.0191,0,0,0
-0.42011,1,0,6.019,6.019,0,0,0
-0.44011,1,0,6.0191,6.0191,0,0,0
0,0.98012,0,6.025,6.025,0,0,0
0,0.96094,0,6.0249,6.0249,0,0,0
0,0.94179,0,6.0248,6.0248,0,0,0
0,0.92263,0,6.0247,6.0247,0,0,0
0,0.90348,0,6.0247,6.0247,0,0,0
0,0.88433,0,6.0249,6.0249,0,0,0
0,0.86518,0,6.0252,6.0252,0,0,0
0,0.84603,0,6.0259,6.0259,0,0,0
0,0.82687,0,6.0269,6.0269,0,0,0
0,0.80769,0,6.0285,6.0285,0,0,0
0,0.78846,0,6.0308,6.0308,0,0,0
0,0.76917,0,6.0339,6.0339,0,0,0
0,0.74982,0,6.0378,6.0378,0,0,0
0,0.73043,0,6.0421,6.0421,0,0,0
0,0.71105,0,6.0461,6.0461,0,0,0
0,0.69169,0,6.0485,6.0485,0,0,0
0,0.67241,0,6.0469,6.0469,0,0,0
0,0.65318,0,6.038,6.038,0,0,0
0,0.63399,0,6.0164,6.0164,0,0,0
0,0.61483,0,5.9739,5.9739,0,0,0
0,0.59568,0,5.8971,5.8971,0,0,0
0,0.57653,0,5.7624,5.7624,0,0,0
0,0.55738,0,5.5221,5.5221,0,0,0
0,0.53823,0,5.0649,5.0649,0,0,0
0,0.51908,0,4.2067,4.2067,0,0,0
0,0.5,0,0.94482,0.94482,0,0,0
0.019808,0.5,0,-1.421,-1.421,0,0,0
0.039616,0.5,0,-0.64785,-0.64785,0,0,0
5.0226,-2.8483e-16,0,1.1226,1.1226,0,0,0
4.9926,-2.8605e-16,0,1.1296,1.1296,0,0,0
5.0527,-2.836e-16,0,1.1155,1.1155,0,0,0
5.0883,-2.8215e-16,0,1.1075,1.1075,0,0,0
5.1308,-2.8041e-16,0,1.0985,1.0985,0,0,0
5.18,-2.784e-16,0,1.0886,1.0886,0,0,0
5.2302,-2.7635e-16,0,1.0794,1.0794,0,0,0
5.2804,-2.7431e-16,0,1.0708,1.0708,0,0,0
5.3305,-2.7226e-16,0,1.0628,1.0628,0,0,0
5.3807,-2.7021e-16,0,1.0552,1.0552,0,0,0
5.4309,-2.6816e-16,0,1.0479,1.0479,0,0,0
5.481,-2.6611e-16,0,1.0409,1.0409,0,0,0
5.5312,-2.6407e-16,0,1.0341,1.0341,0,0,0
5.5814,-2.6202e-16,0,1.0273,1.0273,0,0,0
5.6315,-2.5997e-16,0,1.0206,1.0206,0,0,0
5.6817,-2.5792e-16,0,1.014,1.014,0,0,0
5.7319,-2.5588e-16,0,1.0075,1.0075,0,0,0
5.782,-2.5383e-16,0,1.0009,1.0009,0,0,0
5.8322,-2.5178e-16,0,0.99406,0.99406,0,0,0
5.8824,-2.4973e-16,0,0.98692,0.98692,0,0,0
5.9325,-2.4768e-16,0,0.97968,0.97968,0,0,0
5.9827,-2.4564e-16,0,0.97239,0.97239,0,0,0
6.0329,-2.4359e-16,0,0.96489,0.96489,0,0,0
6.083,-2.4154e-16,0,0.9571,0.9571,0,0,0
6.1332,-2.3949e-16,0,0.94912,0.94912,0,0,0
6.1834,-2.3744e-16,0,0.94109,0.94109,0,0,0
6.2335,-2.354e-16,0,0.93312,0.93312,0,0,0
6.2837,-2.3335e-16,0,0.92527,0.92527,0,0,0
6.3338,-2.313e-16,0,0.91754,0.91754,0,0,0
6.384,-2.2925e-16,0,0.90985,0.90985,0,0,0
6.4342,-2.2721e-16,0,0.90202,0.90202,0,0,0
6.4843,-2.2516e-16,0,0.89396,0.89396,0,0,0
6.5345,-2.2311e-16,0,0.88581,0.88581,0,0,0
6.5847,-2.2106e-16,0,0.87764,0.87764,0,0,0
6.6348,-2.1901e-16,0,0.86941,0.86941,0,0,0
6.685,-2.1697e-16,0,0.8611,0.8611,0,0,0
6.7352,-2.1492e-16,0,0.85274,0.85274,0,0,0
6.7853,-2.1287e-16,0,0.84438,0.84438,0,0,0
6.8355,-2.1082e-16,0,0.83606,0.83606,0,0,0
6.8857,-2.0878e-16,0,0.82788,0.82788,0,0,0
6.9358,-2.0673e-16,0,0.81989,0.81989,0,0,0
6.986,-2.0468e-16,0,0.81208,0.81208,0,0,0
7.0362,-2.0263e-16,0,0.80438,0.80438,0,0,0
7.0863,-2.0058e-16,0,0.79666,0.79666,0,0,0
7.1365,-1.9854e-16,0,0.78879,0.78879,0,0,0
7.1867,-1.9649e-16,0,0.78076,0.78076,0,0,0
7.2368,-1.9444e-16,0,0.77265,0.77265,0,0,0
7.287,-1.9239e-16,0,0.76454,0.76454,0,0,0
7.3371,-1.9034e-16,0,0.75647,0.75647,0,0,0
7.3873,-1.883e-16,0,0.74842,0.74842,0,0,0
7.4375,-1.8625e-16,0,0.74037,0.74037,0,0,0
7.4876,-1.842e-16,0,0.73228,0.73228,0,0,0
7.5378,-1.8215e-16,0,0.72417,0.72417,0,0,0
7.588,-1.8011e-16,0,0.71603,0.71603,0,0,0
7.6381,-1.7806e-16,0,0.70786,0.70786,0,0,0
7.6883,-1.7601e-16,0,0.69968,0.69968,0,0,0
-2.0255,-5.7254e-16,0,5.9523,5.9523,0,0,0
-2.06,-5.7395e-16,0,5.9549,5.9549,0,0,0
-2.101,-5.7563e-16,0,5.9575,5.9575,0,0,0
-2.148,-5.7754e-16,0,5.9602,5.9602,0,0,0
-2.1973,-5.7956e-16,0,5.9628,5.9628,0,0,0
-2.2474,-5.816e-16,0,5.9653,5.9653,0,0,0
-2.2974,-5.8364e-16,0,5.9676,5.9676,0,0,0
-2.3475,-5.8569e-16,0,5.9698,5.9698,0,0,0
-2.3976,-5.8773e-16,0,5.9719,5.9719,0,0,0
-2.4477,-5.8978e-16,0,5.9739,5.9739,0,0,0
-2.4977,-5.9182e-16,0,5.9758,5.9758,0,0,0
-2.5478,-5.9386e-16,0,5.9776,5.9776,0,0,0
-2.5979,-5.9591e-16,0,5.9794,5.9794,0,0,0
-2.6479,-5.9795e-16,0,5.981,5.981,0,0,0
-2.698,-6e-16,0,5.9826,5.9826,0,0,0
-2.7481,-6.0204e-16,0,5.9841,5.9841,0,0,0
-2.7981,-6.0408e-16,0,5.9856,5.9856,0,0,0
-2.8482,-6.0613e-16,0,5.987,5.987,0,0,0
-2.8983,-6.0817e-16,0,5.9883,5.9883,0,0,0
-2.9483,-6.1021e-16,0,5.9896,5.9896,0,0,0
-2.9984,-6.1226e-16,0,5.9908,5.9908,0,0,0
-3.0485,-6.143e-16,0,5.992,5.992,0,0,0
-3.0986,-6.1635e-16,0,5.9932,5.9932,0,0,0
-3.1486,-6.1839e-16,0,5.9943,5.9943,0,0,0
-3.1987,-6.2043e-16,0,5.9954,5.9954,0,0,0
-3.2488,-6.2248e-16,0,5.9965,5.9965,0,0,0
-3.2988,-6.2452e-16,0,5.9975,5.9975,0,0,0
-3.3489,-6.2657e-16,0,5.9985,5.9985,0,0,0
-3.399,-6.2861e-16,0,5.9995,5.9995,0,0,0
-3.449,-6.3065e-16,0,6.0004,6.0004,0,0,0
-3.4991,-6.327e-16,0,6.0013,6.0013,0,0,0
-3.5492,-6.3474e-16,0,6.0022,6.0022,0,0,0
-3.5992,-6.3679e-16,0,6.0031,6.0031,0,0,0
-3.6493,-6.3883e-16,0,6.004,6.004,0,0,0
-3.6994,-6.4087e-16,0,6.0048,6.0048,0,0,0
-3.7495,-6.4292e-16,0,6.0057,6.0057,0,0,0
-3.7995,-6.4496e-16,0,6.0065,6.0065,0,0,0
-3.8496,-6.4701e-16,0,6.0073,6.0073,0,0,0
-3.8997,-6.4905e-16,0,6.0081,6.0081,0,0,0
-3.9497,-6.5109e-16,0,6.0088,6.0088,0,0,0
-3.9998,-6.5314e-16,0,6.0096,6.0096,0,0,0
-4.0499,-6.5518e-16,0,6.0103,6.0103,0,0,0
-4.0999,-6.5722e-16,0,6.0111,6.0111,0,0,0
-4.15,-6.5927e-16,0,6.0118,6.0118,0,0,0
-4.2001,-6.6131e-16,0,6.0125,6.0125,0,0,0
-4.2501,-6.6336e-16,0,6.0133,6.0133,0,0,0
-4.3002,-6.654e-16,0,6.014,6.014,0,0,0
-4.3503,-6.6744e-16,0,6.0147,6.0147,0,0,0
-4.4004,-6.6949e-16,0,6.0154,6.0154,0,0,0
-4.4504,-6.7153e-16,0,6.0161,6.0161,0,0,0
-4.5005,-6.7358e-16,0,6.0168,6.0168,0,0,0
-4.5506,-6.7562e-16,0,6.0174,6.0174,0,0,0
-4.6006,-6.7766e-16,0,6.0181,6.0181,0,0,0
-4.6507,-6.7971e-16,0,6.0188,6.0188,0,0,0
-4.7008,-6.8175e-16,0,6.0195,6.0195,0,0,0
-4.7508,-6.838e-16,0,6.0201,6.0201,0,0,0
-4.8009,-6.8584e-16,0,6.0208,6.0208,0,0,0
-4.851,-6.8788e-16,0,6.0214,6.0214,0,0,0
-4.901,-6.8993e-16,0,6.0221,6.0221,0,0,0
-4.9511,-6.9197e-16,0,6.0227,6.0227,0,0,0
-5.0012,-6.9401e-16,0,6.0234,6.0234,0,0,0
-5.0512,-6.9606e-16,0,6.024,6.024,0,0,0
-5.1013,-6.981e-16,0,6.0247,6.0247,0,0,0
-5.1514,-7.0015e-16,0,6.0253,6.0253,0,0,0
-5.2015,-7.0219e-16,0,6.026,6.026,0,0,0
-5.2515,-7.0423e-16,0,6.0266,6.0266,0,0,0
-5.3016,-7.0628e-16,0,6.0272,6.0272,0,0,0
-5.3517,-7.0832e-16,0,6.0279,6.0279,0,0,0
-5.4017,-7.1037e-16,0,6.0285,6.0285,0,0,0
-5.4518,-7.1241e-16,0,6.0291,6.0291,0,0,0
-5.5019,-7.1445e-16,0,6.0298,6.0298,0,0,0
-5.5519,-7.165e-16,0,6.0304,6.0304,0,0,0
-5.602,-7.1854e-16,0,6.031,6.031,0,0,0
-5.6521,-7.2059e-16,0,6.0317,6.0317,0,0,0
0.64106,-4.6369e-16,0,1.4684,1.4684,0,0,0
0.66118,-4.6287e-16,0,1.4599,1.4599,0,0,0
0.68122,-4.6205e-16,0,1.4535,1.4535,0,0,0
0.70121,-4.6123e-16,0,1.449,1.449,0,0,0
0.7212,-4.6042e-16,0,1.4462,1.4462,0,0,0
0.74118,-4.596e-16,0,1.445,1.445,0,0,0
0.76116,-4.5879e-16,0,1.4452,1.4452,0,0,0
0.78115,-4.5797e-16,0,1.4467,1.4467,0,0,0
0.80113,-4.5716e-16,0,1.4493,1.4493,0,0,0
0.82111,-4.5634e-16,0,1.4529,1.4529,0,0,0
0.8411,-4.5552e-16,0,1.4574,1.4574,0,0,0
0.86108,-4.5471e-16,0,1.4627,1.4627,0,0,0
0.88106,-4.5389e-16,0,1.4686,1.4686,0,0,0
0.90104,-4.5308e-16,0,1.4751,1.4751,0,0,0
0.92103,-4.5226e-16,0,1.4821,1.4821,0,0,0
0.94101,-4.5145e-16,0,1.4895,1.4895,0,0,0
0.96099,-4.5063e-16,0,1.4972,1.4972,0,0,0
0.98098,-4.4981e-16,0,1.5052,1.5052,0,0,0
1.001,-4.49e-16,0,1.5133,1.5133,0,0,0
-0.21939,-4.9881e-16,0,4.6527,4.6527,0,0,0
-0.23934,-4.9963e-16,0,4.7237,4.7237,0,0,0
-0.25928,-5.0044e-16,0,4.791,4.791,0,0,0
-0.27924,-5.0126e-16,0,4.8545,4.8545,0,0,0
-0.2992,-5.0207e-16,0,4.9145,4.9145,0,0,0
-0.31922,-5.0289e-16,0,4.9711,4.9711,0,0,0
-0.33931,-5.0371e-16,0,5.0247,5.0247,0,0,0
-0.35944,-5.0453e-16,0,5.0751,5.0751,0,0,0
-0.37961,-5.0535e-16,0,5.1226,5.1226,0,0,0
-0.39969,-5.0617e-16,0,5.167,5.167,0,0,0
-0.41971,-5.0699e-16,0,5.2086,5.2086,0,0,0
-0.43968,-5.0781e-16,0,5.2476,5.2476,0,0,0
-0.45963,-5.0862e-16,0,5.2842,5.2842,0,0,0
-0.47957,-5.0944e-16,0,5.3186,5.3186,0,0,0
-0.49952,-5.1025e-16,0,5.351,5.351,0,0,0
-0.51946,-5.1106e-16,0,5.3814,5.3814,0,0,0
-0.53941,-5.1188e-16,0,5.41,5.41,0,0,0
-0.55935,-5.1269e-16,0,5.437,5.437,0,0,0
-0.5793,-5.1351e-16,0,5.4623,5.4623,0,0,0
-0.59924,-5.1432e-16,0,5.4862,5.4862,0,0,0
-0.61919,-5.1513e-16,0,5.5087,5.5087,0,0,0
-0.63913,-5.1595e-16,0,5.53,5.53,0,0,0
-0.65908,-5.1676e-16,0,5.55,5.55,0,0,0
-0.67902,-5.1758e-16,0,5.569,5.569,0,0,0
-0.69897,-5.1839e-16,0,5.5869,5.5869,0,0,0
-0.71891,-5.1921e-16,0,5.6038,5.6038,0,0,0
-0.73886,-5.2002e-16,0,5.6198,5.6198,0,0,0
-0.75881,-5.2083e-16,0,5.635,5.635,0,0,0
-0.77878,-5.2165e-16,0,5.6494,5.6494,0,0,0
-0.79881,-5.2247e-16,0,5.6631,5.6631,0,0,0
-0.81891,-5.2329e-16,0,5.6761,5.6761,0,0,0
-0.83904,-5.2411e-16,0,5.6885,5.6885,0,0,0
-0.8592,-5.2493e-16,0,5.7003,5.7003,0,0,0
-0.87927,-5.2575e-16,0,5.7115,5.7115,0,0,0
-0.89928,-5.2657e-16,0,5.7221,5.7221,0,0,0
-0.91925,-5.2738e-16,0,5.7322,5.7322,0,0,0
-0.9392,-5.282e-16,0,5.7418,5.7418,0,0,0
-0.95914,-5.2901e-16,0,5.751,5.751,0,0,0
-0.97909,-5.2983e-16,0,5.7598,5.7598,0,0,0
-0.99903,-5.3064e-16,0,5.7682,5.7682,0,0,0
-1.0199,-5.3149e-16,0,5.7765,5.7765,0,0,0
-1.0421,-5.324e-16,0,5.7849,5.7849,0,0,0
-1.0682,-5.3347e-16,0,5.7942,5.7942,0,0,0
-1.0976,-5.3466e-16,0,5.8039,5.8039,0,0,0
-1.1275,-5.3588e-16,0,5.8132,5.8132,0,0,0
-1.1574,-5.3711e-16,0,5.8219,5.8219,0,0,0
-1.1873,-5.3833e-16,0,5.8301,5.8301,0,0,0
-1.2172,-5.3955e-16,0,5.8378,5.8378,0,0,0
-1.2472,-5.4077e-16,0,5.845,5.845,0,0,0
-1.2771,-5.4199e-16,0,5.8519,5.8519,0,0,0
-1.307,-5.4321e-16,0,5.8584,5.8584,0,0,0
-1.3369,-5.4443e-16,0,5.8645,5.8645,0,0,0
-1.3668,-5.4565e-16,0,5.8703,5.8703,0,0,0
-1.3967,-5.4688e-16,0,5.8758,5.8758,0,0,0
-1.4267,-5.481e-16,0,5.881,5.881,0,0,0
-1.4566,-5.4932e-16,0,5.886,5.886,0,0,0
-1.4865,-5.5054e-16,0,5.8907,5.8907,0,0,0
-1.5164,-5.5176e-16,0,5.8952,5.8952,0,0,0
-1.5463,-5.5298e-16,0,5.8995,5.8995,0,0,0
-1.5762,-5.542e-16,0,5.9037,5.9037,0,0,0
-1.6062,-5.5542e-16,0,5.9076,5.9076,0,0,0
-1.6361,-5.5665e-16,0,5.9115,5.9115,0,0,0
-1.666,-5.5787e-16,0,5.9152,5.9152,0,0,0
-1.6959,-5.5909e-16,0,5.9187,5.9187,0,0,0
-1.7258,-5.6031e-16,0,5.9222,5.9222,0,0,0
-1.7558,-5.6153e-16,0,5.9256,5.9256,0,0,0
-1.7857,-5.6275e-16,0,5.9288,5.9288,0,0,0
-1.8156,-5.6397e-16,0,5.9321,5.9321,0,0,0
-1.8455,-5.652e-16,0,5.9352,5.9352,0,0,0
-1.8754,-5.6642e-16,0,5.9383,5.9383,0,0,0
-1.9053,-5.6764e-16,0,5.9413,5.9413,0,0,0
-1.9353,-5.6886e-16,0,5.9443,5.9443,0,0,0
-1.9652,-5.7008e-16,0,5.9471,5.9471,0,0,0
-1.9951,-5.713e-16,0,5.9498,5.9498,0,0,0
2.883,-3.7217e-16,0,1.5686,1.5686,0,0,0
2.903,-3.7135e-16,0,1.5646,1.5646,0,0,0
2.923,-3.7054e-16,0,1.5605,1.5605,0,0,0
2.943,-3.6972e-16,0,1.5564,1.5564,0,0,0
2.963,-3.689e-16,0,1.5523,1.5523,0,0,0
2.9831,-3.6808e-16,0,1.5481,1.5481,0,0,0
3.0033,-3.6726e-16,0,1.5437,1.5437,0,0,0
3.0242,-3.664e-16,0,1.5391,1.5391,0,0,0
3.0476,-3.6545e-16,0,1.5337,1.5337,0,0,0
3.0742,-3.6437e-16,0,1.5276,1.5276,0,0,0
3.1042,-3.6314e-16,0,1.5206,1.5206,0,0,0
3.1341,-3.6192e-16,0,1.5139,1.5139,0,0,0
3.1641,-3.6069e-16,0,1.5075,1.5075,0,0,0
3.1941,-3.5947e-16,0,1.5013,1.5013,0,0,0
3.2241,-3.5825e-16,0,1.4953,1.4953,0,0,0
3.254,-3.5702e-16,0,1.4893,1.4893,0,0,0
3.284,-3.558e-16,0,1.4834,1.4834,0,0,0
3.314,-3.5458e-16,0,1.4775,1.4775,0,0,0
3.344,-3.5335e-16,0,1.4715,1.4715,0,0,0
3.3739,-3.5213e-16,0,1.4656,1.4656,0,0,0
3.4039,-3.5091e-16,0,1.4596,1.4596,0,0,0
3.4339,-3.4968e-16,0,1.4537,1.4537,0,0,0
3.4639,-3.4846e-16,0,1.4477,1.4477,0,0,0
3.4938,-3.4723e-16,0,1.4416,1.4416,0,0,0
3.5238,-3.4601e-16,0,1.4356,1.4356,0,0,0
3.5538,-3.4479e-16,0,1.4295,1.4295,0,0,0
3.5838,-3.4356e-16,0,1.4234,1.4234,0,0,0
3.6137,-3.4234e-16,0,1.4173,1.4173,0,0,0
3.6437,-3.4112e-16,0,1.4111,1.4111,0,0,0
3.6737,-3.3989e-16,0,1.405,1.405,0,0,0
3.7037,-3.3867e-16,0,1.3988,1.3988,0,0,0
3.7336,-3.3745e-16,0,1.3926,1.3926,0,0,0
3.7636,-3.3622e-16,0,1.3864,1.3864,0,0,0
3.7936,-3.35e-16,0,1.3802,1.3802,0,0,0
3.8236,-3.3378e-16,0,1.374,1.374,0,0,0
3.8535,-3.3255e-16,0,1.3678,1.3678,0,0,0
3.8835,-3.3133e-16,0,1.3616,1.3616,0,0,0
10.548,-5.9284e-17,0,0.22377,0.22377,0,0,0
10.498,-6.1332e-17,0,0.23201,0.23201,0,0,0
10.598,-5.7237e-17,0,0.21564,0.21564,0,0,0
10.648,-5.5189e-17,0,0.20776,0.20776,0,0,0
10.698,-5.3141e-17,0,0.20019,0.20019,0,0,0
10.748,-5.1093e-17,0,0.19278,0.19278,0,0,0
10.799,-4.9045e-17,0,0.18526,0.18526,0,0,0
10.849,-4.6998e-17,0,0.17753,0.17753,0,0,0
10.899,-4.495e-17,0,0.16972,0.16972,0,0,0
10.949,-4.2902e-17,0,0.16196,0.16196,0,0,0
10.999,-4.0854e-17,0,0.15415,0.15415,0,0,0
11.049,-3.8806e-17,0,0.14621,0.14621,0,0,0
11.1,-3.6758e-17,0,0.1382,0.1382,0,0,0
11.15,-3.4711e-17,0,0.13024,0.13024,0,0,0
11.2,-3.2663e-17,0,0.12238,0.12238,0,0,0
11.25,-3.0615e-17,0,0.11454,0.11454,0,0,0
11.3,-2.8567e-17,0,0.10671,0.10671,0,0,0
11.35,-2.6519e-17,0,0.098868,0.098868,0,0,0
11.401,-2.4472e-17,0,0.091035,0.091035,0,0,0
11.451,-2.2424e-17,0,0.083233,0.083233,0,0,0
11.501,-2.0376e-17,0,0.075433,0.075433,0,0,0
11.551,-1.8328e-17,0,0.067595,0.067595,0,0,0
11.601,-1.628e-17,0,0.059766,0.059766,0,0,0
11.651,-1.4232e-17,0,0.052007,0.052007,0,0,0
11.702,-1.2185e-17,0,0.044271,0.044271,0,0,0
11.752,-1.0137e-17,0,0.036491,0.036491,0,0,0
11.802,-8.089e-18,0,0.028702,0.028702,0,0,0
11.852,-6.0411e-18,0,0.020998,0.020998,0,0,0
11.902,-3.9935e-18,0,0.013504,0.013504,0,0,0
11.952,-1.9501e-18,0,0.0063696,0.0063696,0,0,0
12,0.073961,0,0,2.5146,2.2433,0.0068188,0
12,0.054775,0,0,1.5132,1.7399,0.0048597,0
12,0.038092,0,0,0.79066,1.2576,0.002968,0
12,0.023584,0,0,0.32368,0.8047,0.0015746,-5.421e-20
12,0.01097,0,0,0.074785,0.38702,0.00060238,0
12,0,0,0,-9.9941e-05,0,0,0
-6,0.92758,0,6.0372,6.1817,0.53737,0,0
-6,0.94637,0,6.0373,6.1198,0.40603,0,0
-6,0.9627,0,6.0372,6.0786,0.28724,0,0
-6,0.97691,0,6.0371,6.0536,0.18047,0,0
-6,0.98926,0,6.0371,6.0409,0.085,0,0
-6,1,0,6.0371,6.0371,0,0,0
-5.9577,1,0,6.0367,6.0367,0,0,0
-5.9121,1,0,6.036,6.036,0,0,0
-5.8638,1,0,6.0353,6.0353,0,0,0
-5.8137,1,0,6.0345,6.0345,0,0,0
-5.7634,1,0,6.0337,6.0337,0,0,0
-5.7131,1,0,6.0331,6.0331,0,0,0
7.7385,-1.7396e-16,0,0.69148,0.69148,0,0,0
7.7886,-1.7191e-16,0,0.68326,0.68326,0,0,0
7.8388,-1.6987e-16,0,0.67499,0.67499,0,0,0
7.889,-1.6782e-16,0,0.66666,0.66666,0,0,0
7.9391,-1.6577e-16,0,0.65829,0.65829,0,0,0
7.9893,-1.6372e-16,0,0.64992,0.64992,0,0,0
8.0395,-1.6168e-16,0,0.64163,0.64163,0,0,0
8.0896,-1.5963e-16,0,0.63336,0.63336,0,0,0
8.1398,-1.5758e-16,0,0.62507,0.62507,0,0,0
8.19,-1.5553e-16,0,0.61672,0.61672,0,0,0
8.2401,-1.5348e-16,0,0.60833,0.60833,0,0,0
8.2903,-1.5144e-16,0,0.59993,0.59993,0,0,0
8.3405,-1.4939e-16,0,0.59152,0.59152,0,0,0
8.3906,-1.4734e-16,0,0.58311,0.58311,0,0,0
8.4408,-1.4529e-16,0,0.57469,0.57469,0,0,0
8.4909,-1.4325e-16,0,0.56626,0.56626,0,0,0
8.5411,-1.412e-16,0,0.55782,0.55782,0,0,0
8.5913,-1.3915e-16,0,0.54937,0.54937,0,0,0
8.6414,-1.371e-16,0,0.54092,0.54092,0,0,0
1.0209,-4.4818e-16,0,1.5216,1.5216,0,0,0
1.041,-4.4736e-16,0,1.53,1.53,0,0,0
1.061,-4.4655e-16,0,1.5385,1.5385,0,0,0
1.0812,-4.4572e-16,0,1.547,1.547,0,0,0
1.1014,-4.449e-16,0,1.5555,1.5555,0,0,0
1.1216,-4.4407e-16,0,1.5639,1.5639,0,0,0
1.1417,-4.4325e-16,0,1.5722,1.5722,0,0,0
1.1617,-4.4244e-16,0,1.5803,1.5803,0,0,0
1.1817,-4.4162e-16,0,1.5883,1.5883,0,0,0
1.2017,-4.408e-16,0,1.5961,1.5961,0,0,0
1.2217,-4.3999e-16,0,1.6038,1.6038,0,0,0
1.2417,-4.3917e-16,0,1.6112,1.6112,0,0,0
1.2616,-4.3836e-16,0,1.6184,1.6184,0,0,0
1.2816,-4.3754e-16,0,1.6253,1.6253,0,0,0
1.3016,-4.3673e-16,0,1.6321,1.6321,0,0,0
1.3216,-4.3591e-16,0,1.6385,1.6385,0,0,0
1.3416,-4.3509e-16,0,1.6448,1.6448,0,0,0
1.3616,-4.3428e-16,0,1.6507,1.6507,0,0,0
8.9187,0.5,0,0.49495,0.49495,0,0,0
8.9684,0.5,0,0.48663,0.48663,0,0,0
9.0181,0.5,0,0.47832,0.47832,0,0,0
9.0678,0.5,0,0.47001,0.47001,0,0,0
9.1176,0.5,0,0.46172,0.46172,0,0,0
9.1673,0.5,0,0.45343,0.45343,0,0,0
9.217,0.5,0,0.44515,0.44515,0,0,0
9.2667,0.5,0,0.43688,0.43688,0,0,0
9.3165,0.5,0,0.42861,0.42861,0,0,0
9.3662,0.5,0,0.42034,0.42034,0,0,0
9.4159,0.5,0,0.41207,0.41207,0,0,0
9.4656,0.5,0,0.40379,0.40379,0,0,0
9.5154,0.5,0,0.39551,0.39551,0,0,0
9.5651,0.5,0,0.38722,0.38722,0,0,0
9.6148,0.5,0,0.37892,0.37892,0,0,0
9.6645,0.5,0,0.37061,0.37061,0,0,0
9.7143,0.5,0,0.36228,0.36228,0,0,0
9.764,0.5,0,0.35391,0.35391,0,0,0
9.8137,0.5,0,0.34551,0.34551,0,0,0
9.8634,0.5,0,0.33709,0.33709,0,0,0
9.9132,0.5,0,0.32875,0.32875,0,0,0
9.9629,0.5,0,0.32061,0.32061,0,0,0
10.013,0.5,0,0.31266,0.31266,0,0,0
10.062,0.5,0,0.30471,0.30471,0,0,0
10.112,0.5,0,0.2966,0.2966,0,0,0
10.162,0.5,0,0.28832,0.28832,0,0,0
10.212,0.5,0,0.27992,0.27992,0,0,0
10.261,0.5,0,0.27144,0.27144,0,0,0
10.311,0.5,0,0.26295,0.26295,0,0,0
10.361,0.5,0,0.25453,0.25453,0,0,0
10.41,0.5,0,0.24625,0.24625,0,0,0
10.46,0.5,0,0.23806,0.23806,0,0,0
10.51,0.5,0,0.22992,0.22992,0,0,0
10.56,0.5,0,0.22189,0.22189,0,0,0
10.609,0.5,0,0.21411,0.21411,0,0,0
10.659,0.5,0,0.20661,0.20661,0,0,0
10.709,0.5,0,0.19922,0.19922,0,0,0
10.758,0.5,0,0.19175,0.19175,0,0,0
10.808,0.5,0,0.18409,0.18409,0,0,0
10.858,0.5,0,0.17626,0.17626,0,0,0
10.908,0.5,0,0.16845,0.16845,0,0,0
10.957,0.5,0,0.16069,0.16069,0,0,0
11.007,0.5,0,0.15289,0.15289,0,0,0
11.057,0.5,0,0.14494,0.14494,0,0,0
11.107,0.5,0,0.13696,0.13696,0,0,0
11.156,0.5,0,0.12905,0.12905,0,0,0
11.206,0.5,0,0.12122,0.12122,0,0,0
11.256,0.5,0,0.1134,0.1134,0,0,0
11.305,0.5,0,0.10555,0.10555,0,0,0
11.355,0.5,0,0.097657,0.097657,0,0,0
11.405,0.5,0,0.089762,0.089762,0,0,0
11.455,0.5,0,0.081915,0.081915,0,0,0
11.504,0.5,0,0.074134,0.074134,0,0,0
11.554,0.5,0,0.066402,0.066402,0,0,0
11.604,0.5,0,0.058678,0.058678,0,0,0
11.654,0.5,0,0.050875,0.050875,0,0,0
11.703,0.5,0,0.042978,0.042978,0,0,0
11.753,0.5,0,0.035134,0.035134,0,0,0
11.803,0.5,0,0.027493,0.027493,0,0,0
11.852,0.5,0,0.020115,0.020115,0,0,0
11.902,0.5,0,0.013004,0.013004,0,0,0
11.952,0.5,0,0.0062069,0.0062069,0,0,0
12,0.42871,0,0,2.3158,2.1525,-0.0037877,1.0842e-19
12,0.44721,0,0,1.3854,1.6649,-0.002954,1.0842e-19
12,0.46329,0,0,0.72025,1.2004,-0.0020613,0
12,0.47727,0,0,0.29363,0.76651,-0.0011789,0
12,0.48943,0,0,0.067554,0.36789,-0.00045289,0
12,0.5,0,0,-0.0001097,0,0,0
-0.019945,-4.9067e-16,0,3.736,3.736,0,0,0
-0.03989,-4.9149e-16,0,3.8422,3.8422,0,0,0
-0.059835,-4.923e-16,0,3.946,3.946,0,0,0
-0.07978,-4.9312e-16,0,4.0469,4.0469,0,0,0
-0.099725,-4.9393e-16,0,4.1446,4.1446,0,0,0
-0.11967,-4.9474e-16,0,4.2388,4.2388,0,0,0
-0.13961,-4.9556e-16,0,4.3293,4.3293,0,0,0
-0.15956,-4.9637e-16,0,4.416,4.416,0,0,0
-0.1795,-4.9719e-16,0,4.4989,4.4989,0,0,0
-0.19945,-4.98e-16,0,4.5777,4.5777,0,0,0
3.9135,-3.301e-16,0,1.3554,1.3554,0,0,0
3.9435,-3.2888e-16,0,1.3492,1.3492,0,0,0
3.9734,-3.2766e-16,0,1.343,1.343,0,0,0
4.0034,-3.2643e-16,0,1.3369,1.3369,0,0,0
4.0334,-3.2521e-16,0,1.3307,1.3307,0,0,0
4.0634,-3.2399e-16,0,1.3245,1.3245,0,0,0
4.0933,-3.2276e-16,0,1.3183,1.3183,0,0,0
4.1233,-3.2154e-16,0,1.3121,1.3121,0,0,0
4.1533,-3.2032e-16,0,1.3059,1.3059,0,0,0
4.1833,-3.1909e-16,0,1.2997,1.2997,0,0,0
4.2132,-3.1787e-16,0,1.2935,1.2935,0,0,0
4.2432,-3.1664e-16,0,1.2873,1.2873,0,0,0
4.2732,-3.1542e-16,0,1.2811,1.2811,0,0,0
4.3032,-3.142e-16,0,1.2749,1.2749,0,0,0
4.3331,-3.1297e-16,0,1.2687,1.2687,0,0,0
4.3631,-3.1175e-16,0,1.2624,1.2624,0,0,0
4.3931,-3.1053e-16,0,1.2562,1.2562,0,0,0
4.4231,-3.093e-16,0,1.2501,1.2501,0,0,0
4.453,-3.0808e-16,0,1.2439,1.2439,0,0,0
4.483,-3.0686e-16,0,1.2378,1.2378,0,0,0
4.513,-3.0563e-16,0,1.2316,1.2316,0,0,0
4.543,-3.0441e-16,0,1.2255,1.2255,0,0,0
4.5729,-3.0318e-16,0,1.2193,1.2193,0,0,0
4.6029,-3.0196e-16,0,1.2131,1.2131,0,0,0
4.6329,-3.0074e-16,0,1.2069,1.2069,0,0,0
4.6628,-2.9951e-16,0,1.2007,1.2007,0,0,0
4.6928,-2.9829e-16,0,1.1945,1.1945,0,0,0
4.7228,-2.9707e-16,0,1.1883,1.1883,0,0,0
4.7528,-2.9584e-16,0,1.182,1.182,0,0,0
4.7827,-2.9462e-16,0,1.1757,1.1757,0,0,0
4.8127,-2.934e-16,0,1.1694,1.1694,0,0,0
4.8427,-2.9217e-16,0,1.1631,1.1631,0,0,0
4.8727,-2.9095e-16,0,1.1566,1.1566,0,0,0
4.9026,-2.8973e-16,0,1.1501,1.1501,0,0,0
4.9326,-2.885e-16,0,1.1434,1.1434,0,0,0
4.9626,-2.8728e-16,0,1.1366,1.1366,0,0,0
8.6916,-1.3505e-16,0,0.53248,0.53248,0,0,0
8.7418,-1.3301e-16,0,0.52406,0.52406,0,0,0
8.7919,-1.3096e-16,0,0.51565,0.51565,0,0,0
8.8421,-1.2891e-16,0,0.50725,0.50725,0,0,0
8.8923,-1.2686e-16,0,0.49886,0.49886,0,0,0
8.9424,-1.2481e-16,0,0.49046,0.49046,0,0,0
8.9926,-1.2277e-16,0,0.48208,0.48208,0,0,0
9.0428,-1.2072e-16,0,0.47369,0.47369,0,0,0
9.0929,-1.1867e-16,0,0.4653,0.4653,0,0,0
9.1431,-1.1662e-16,0,0.45691,0.45691,0,0,0
9.1933,-1.1458e-16,0,0.44852,0.44852,0,0,0
9.2434,-1.1253e-16,0,0.44014,0.44014,0,0,0
9.2936,-1.1048e-16,0,0.43176,0.43176,0,0,0
9.3438,-1.0843e-16,0,0.4234,0.4234,0,0,0
9.3939,-1.0638e-16,0,0.41504,0.41504,0,0,0
9.4441,-1.0434e-16,0,0.4067,0.4067,0,0,0
9.4943,-1.0229e-16,0,0.39837,0.39837,0,0,0
9.5444,-1.0024e-16,0,0.39004,0.39004,0,0,0
9.5946,-9.8193e-17,0,0.38171,0.38171,0,0,0
9.6447,-9.6145e-17,0,0.37338,0.37338,0,0,0
9.6949,-9.4097e-17,0,0.36502,0.36502,0,0,0
9.7451,-9.205e-17,0,0.35663,0.35663,0,0,0
9.7952,-9.0002e-17,0,0.34819,0.34819,0,0,0
9.8454,-8.7954e-17,0,0.33973,0.33973,0,0,0
9.8956,-8.5906e-17,0,0.3313,0.3313,0,0,0
9.9457,-8.3858e-17,0,0.32304,0.32304,0,0,0
9.9959,-8.181e-17,0,0.31499,0.31499,0,0,0
10.046,-7.9763e-17,0,0.307,0.307,0,0,0
10.096,-7.7715e-17,0,0.29891,0.29891,0,0,0
10.146,-7.5667e-17,0,0.29065,0.29065,0,0,0
10.197,-7.3619e-17,0,0.28228,0.28228,0,0,0
10.247,-7.1571e-17,0,0.27382,0.27382,0,0,0
10.297,-6.9524e-17,0,0.26531,0.26531,0,0,0
10.347,-6.7476e-17,0,0.25685,0.25685,0,0,0
10.397,-6.5428e-17,0,0.24851,0.24851,0,0,0
10.447,-6.338e-17,0,0.24025,0.24025,0,0,0
